chapter,label,sheet
Y4 BI Module 1a Asas,Where are you from?,Y4 BI Module 1a.csv
Y4 BI Module 1b Sederhana,Where are you from?,Y4 BI Module 1b.csv
Y4 BI Module 1c Cabaran,Where are you from?,Y4 BI Module 1c.csv
Y4 BI Module 2a Asas,My Week,Y4 BI Module 2a.csv
Y4 BI Module 2b Sederhana,My Week,Y4 BI Module 2b.csv
Y4 BI Module 2c Cabaran,My Week,Y4 BI Module 2c.csv
Y4 BI Module 3a Asas,In the Past,Y4 BI Module 3a.csv
Y4 BI Module 3b Sederhana,In the Past,Y4 BI Module 3b.csv
Y4 BI Module 3c Cabaran,In the Past,Y4 BI Module 3c.csv
Y4 BI Module 4a Asas,Celebrations,Y4 BI Module 4a.csv
Y4 BI Module 4b Sederhana,Celebrations,Y4 BI Module 4b.csv
Y4 BI Module 4c Cabaran,Celebrations,Y4 BI Module 4c.csv
Y4 BI Module 5a Asas,Eating Right,Y4 BI Module 5a.csv
Y4 BI Module 5b Sederhana,Eating Right,Y4 BI Module 5b.csv
Y4 BI Module 5c Cabaran,Eating Right,Y4 BI Module 5c.csv
Y4 BI Module 6a Asas,Getting Around,Y4 BI Module 6a.csv
Y4 BI Module 6b Sederhana,Getting Around,Y4 BI Module 6b.csv
Y4 BI Module 6c Cabaran,Getting Around,Y4 BI Module 6c.csv
Y4 BI Module 7a Asas,Helping Out,Y4 BI Module 7a.csv
Y4 BI Module 7b Sederhana,Helping Out,Y4 BI Module 7b.csv
Y4 BI Module 7c Cabaran,Helping Out,Y4 BI Module 7c.csv
Y4 BI Module 8a Asas,Amazing Animals,Y4 BI Module 8a.csv
Y4 BI Module 8b Sederhana,Amazing Animals,Y4 BI Module 8b.csv
Y4 BI Module 8c Cabaran,Amazing Animals,Y4 BI Module 8c.csv
Y4 BI Module 9a Asas,Get Active!,Y4 BI Module 9a.csv
Y4 BI Module 9b Sederhana,Get Active!,Y4 BI Module 9b.csv
Y4 BI Module 9c Cabaran,Get Active!,Y4 BI Module 9c.csv
Y4 BI Module 10a Asas,What's the matter?,Y4 BI Module 10a.csv
Y4 BI Module 10b Sederhana,What's the matter?,Y4 BI Module 10b.csv
Y4 BI Module 10c Cabaran,What's the matter?,Y4 BI Module 10c.csv
